Age,Debt,EducationLevel,Ethnicity,YearsEmployed,CreditScore,Income,ApprovalStatus,Gender_1,Married_1,BankCustomer_1,PriorDefault_1,Employed_1,Citizen_1
58.67,4.46,12,7,3.04,6.0,560.0,1,0,1,1,1,1,1
24.5,0.5,12,7,1.5,0.0,824.0,1,0,1,1,1,0,1
27.83,1.54,11,8,3.75,5.0,3.0,1,1,1,1,1,1,1
20.17,5.625,11,8,1.71,0.0,0.0,1,1,1,1,1,0,0
32.08,4.0,5,8,2.5,0.0,0.0,1,1,1,1,1,0,1
33.17,1.04,0,7,6.3149999999999995,0.0,990.0,1,1,1,1,1,0,1
22.92,11.585,6,8,0.04,0.0,990.0,1,0,1,1,1,0,1
54.42,0.5,7,7,3.96,0.0,314.0,1,1,0,0,1,0,1
42.5,4.915,11,8,3.165,0.0,990.0,1,1,0,0,1,0,1
22.08,0.83,13,7,2.165,0.0,0.0,1,1,1,1,0,0,1
29.92,1.835,13,7,4.335,0.0,200.0,1,1,1,1,1,0,1
38.25,6.0,7,8,1.0,0.0,0.0,1,0,1,1,1,0,1
48.08,6.04,7,8,0.04,0.0,990.0,1,1,1,1,0,0,1
45.83,10.5,12,8,5.0,7.0,0.0,1,0,1,1,1,1,1
36.67,4.415,7,8,0.25,7.5,0.0,1,1,0,0,1,1,1
28.25,0.875,5,8,0.96,3.0,0.0,1,1,1,1,1,1,1
23.25,5.875,12,8,3.17,7.5,245.0,1,0,1,1,1,1,1
21.83,0.25,3,7,0.665,0.0,0.0,1,1,1,1,1,0,1
19.17,8.585,6,7,0.75,7.0,0.0,1,0,1,1,1,1,1
25.0,11.25,13,8,2.5,7.5,990.0,1,1,1,1,1,1,1
23.25,1.0,13,8,0.835,0.0,0.0,1,1,1,1,1,0,0
47.75,8.0,13,8,6.3149999999999995,6.0,990.0,1,0,1,1,1,1,1
27.42,14.5,4,7,3.085,1.0,11.0,1,0,1,1,1,1,1
41.17,6.5,12,8,0.5,3.0,0.0,1,0,1,1,1,1,1
15.83,0.585,13,7,1.5,2.0,0.0,1,0,1,1,1,1,1
47.0,13.0,10,6,5.165,7.5,0.0,1,0,1,1,1,1,1
56.58,16.625,3,6,6.3149999999999995,7.5,0.0,1,1,1,1,1,1,1
57.42,8.5,2,7,6.3149999999999995,3.0,0.0,1,1,1,1,1,1,1
42.08,1.04,11,8,5.0,6.0,990.0,1,1,1,1,1,1,1
29.25,14.79,9,8,5.04,5.0,0.0,1,1,1,1,1,1,1
42.0,9.79,4,7,6.3149999999999995,7.5,0.0,1,1,1,1,1,1,1
49.5,7.585,10,6,6.3149999999999995,7.5,990.0,1,1,1,1,1,1,1
36.75,5.125,2,8,5.0,0.0,990.0,1,0,1,1,1,0,1
22.58,10.75,12,8,0.415,5.0,560.0,1,0,1,1,1,1,1
27.83,1.5,11,8,2.0,7.5,35.0,1,1,1,1,1,1,1
27.25,1.585,6,7,1.835,7.5,713.0,1,1,1,1,1,1,1
23.0,11.75,4,7,0.5,2.0,551.0,1,0,1,1,1,1,1
27.75,0.585,6,8,0.25,2.0,500.0,1,1,0,0,1,1,1
54.58,9.415,8,5,6.3149999999999995,7.5,300.0,1,1,1,1,1,1,1
34.17,9.17,13,8,4.5,7.5,221.0,1,1,1,1,1,1,1
28.92,15.0,13,7,5.335,7.5,990.0,1,1,1,1,1,1,1
29.67,1.415,11,7,0.75,1.0,100.0,1,1,1,1,1,1,1
39.58,13.915,11,8,6.3149999999999995,6.0,0.0,1,1,1,1,1,1,1
56.42,16.625,13,8,6.3149999999999995,7.5,15.0,1,1,0,0,1,1,1
54.33,6.75,13,7,2.625,7.5,284.0,1,1,1,1,1,1,1
41.0,2.04,12,7,0.125,7.5,990.0,1,0,0,0,1,1,1
31.92,4.46,6,7,6.04,3.0,300.0,1,1,1,1,1,1,1
41.5,1.54,10,6,3.5,0.0,0.0,1,1,1,1,0,0,1
23.92,0.665,13,8,0.165,0.0,0.0,1,1,1,1,0,0,1
25.75,0.5,13,7,0.875,0.0,0.0,1,0,1,1,1,0,1
26.0,1.0,12,8,1.75,0.0,0.0,1,1,1,1,1,0,1
37.42,2.04,11,8,0.04,0.0,990.0,1,1,1,1,1,0,1
34.92,2.5,11,8,0.0,0.0,200.0,1,1,1,1,1,0,1
34.25,3.0,6,7,6.3149999999999995,0.0,0.0,1,1,1,1,1,0,1
23.33,11.625,11,8,0.835,0.0,300.0,1,1,0,0,1,0,1
23.17,0.0,6,8,0.085,0.0,0.0,1,1,1,1,1,0,1
44.33,0.5,10,7,5.0,0.0,0.0,1,1,1,1,1,0,1
35.17,4.5,4,7,5.75,0.0,0.0,1,1,1,1,0,0,0
43.25,3.0,12,7,6.0,7.5,0.0,1,1,1,1,1,1,1
56.75,12.25,5,8,1.25,4.0,0.0,1,1,1,1,1,1,1
31.67,16.165,3,8,3.0,7.5,730.0,1,1,1,1,1,1,1
23.42,0.79,12,8,1.5,2.0,400.0,1,0,0,0,1,1,1
20.42,0.835,12,8,1.585,1.0,0.0,1,0,1,1,1,1,1
26.67,4.25,6,8,4.29,1.0,0.0,1,1,1,1,1,1,1
34.17,1.54,6,8,1.54,1.0,990.0,1,1,1,1,1,1,1
36.0,1.0,13,8,2.0,7.5,456.0,1,0,1,1,1,1,1
25.5,0.375,5,8,0.25,3.0,990.0,1,1,1,1,1,1,1
19.42,6.5,11,7,1.46,7.0,990.0,1,1,1,1,1,1,1
35.17,16.625,4,7,1.625,1.0,500.0,1,1,1,1,1,1,1
32.33,7.5,2,6,1.585,0.0,0.0,0,1,1,1,1,0,0
34.83,4.0,3,6,6.3149999999999995,0.0,0.0,0,1,1,1,1,0,1
38.58,5.0,6,8,6.3149999999999995,0.0,0.0,0,0,1,1,1,0,1
44.25,0.5,5,8,6.3149999999999995,0.0,0.0,0,1,1,1,1,0,0
44.83,7.0,13,8,1.625,0.0,2.0,0,1,0,0,0,0,1
20.67,5.29,12,8,0.375,1.0,0.0,0,1,1,1,1,1,1
34.08,6.5,9,8,0.125,0.0,0.0,0,1,1,1,1,0,1
19.17,0.585,9,8,0.585,0.0,0.0,0,0,0,0,1,0,1
21.67,1.165,7,8,2.5,1.0,20.0,0,1,0,0,1,1,1
21.5,9.75,13,8,0.25,0.0,0.0,0,1,1,1,1,0,1
49.58,16.625,8,5,0.0,1.0,0.0,0,1,1,1,1,1,1
27.67,1.5,5,8,2.0,0.0,0.0,0,0,1,1,1,0,0
39.83,0.5,5,8,0.25,0.0,0.0,0,1,1,1,1,0,0
28.42,3.5,3,8,3.0,0.0,0.0,0,0,1,1,1,0,1
27.25,0.625,9,8,0.455,0.0,0.0,0,1,1,1,1,0,1
37.17,4.0,13,6,5.0,0.0,0.0,0,1,1,1,1,0,0
28.42,0.375,3,8,0.875,0.0,0.0,0,1,1,1,1,0,0
25.67,2.21,9,8,4.0,0.0,0.0,0,1,0,0,1,0,1
34.0,4.5,9,8,1.0,0.0,0.0,0,1,1,1,1,0,1
49.0,1.5,1,3,0.0,0.0,27.0,0,0,1,1,1,0,1
60.37,12.75,13,7,5.0,0.0,0.0,0,1,0,0,1,0,1
31.42,15.5,13,8,0.5,0.0,0.0,0,1,1,1,1,0,1
28.42,5.0,9,8,6.3149999999999995,0.0,0.0,0,1,0,0,1,0,1
52.33,1.375,13,7,6.3149999999999995,0.0,100.0,0,1,0,0,1,0,1
28.75,1.5,13,8,1.5,0.0,225.0,0,1,0,0,1,0,1
28.58,3.54,10,6,0.5,0.0,0.0,0,0,1,1,1,0,1
23.0,0.625,9,8,0.125,0.0,1.0,0,1,0,0,1,0,1
28.42,0.5,13,6,0.835,0.0,0.0,0,1,1,1,1,0,0
22.5,11.0,12,8,3.0,0.0,0.0,0,0,0,0,1,0,1
28.5,1.0,12,8,1.0,2.0,500.0,0,0,1,1,1,1,1
37.5,1.75,13,6,0.25,0.0,400.0,0,1,0,0,1,0,1
35.25,16.5,13,8,4.0,0.0,0.0,0,1,0,0,1,0,1
18.67,5.0,12,8,0.375,2.0,38.0,0,1,1,1,1,1,1
25.0,12.0,7,8,2.25,2.0,5.0,0,1,1,1,1,1,1
27.83,4.0,10,7,5.75,2.0,0.0,0,1,0,0,1,1,1
54.83,15.5,2,4,0.0,7.5,130.0,0,1,1,1,1,1,1
28.75,1.165,7,8,0.5,0.0,0.0,0,1,1,1,1,0,0
25.0,11.0,9,8,4.5,0.0,0.0,0,0,0,0,1,0,1
40.92,2.25,4,7,6.3149999999999995,0.0,0.0,0,1,0,0,1,0,1
19.75,0.75,13,8,0.795,5.0,5.0,0,0,1,1,1,1,1
29.17,3.5,11,8,3.5,3.0,0.0,0,1,1,1,1,1,1
24.5,1.04,8,5,0.5,3.0,147.0,0,0,0,0,1,1,1
24.58,12.5,11,8,0.875,0.0,0.0,0,1,1,1,1,0,1
33.75,0.75,7,6,1.0,3.0,0.0,0,0,1,1,1,1,1
20.67,1.25,13,7,1.375,3.0,210.0,0,1,0,0,1,1,1
25.42,1.125,12,8,1.29,2.0,0.0,0,0,1,1,1,1,1
37.75,7.0,12,7,6.3149999999999995,7.0,5.0,0,1,1,1,1,1,1
52.5,6.5,7,8,6.29,7.5,990.0,1,1,1,1,1,1,1
57.83,7.04,5,8,6.3149999999999995,6.0,990.0,1,1,1,1,1,1,1
20.75,10.335,6,7,0.335,1.0,50.0,1,0,1,1,1,1,1
39.92,6.21,12,8,0.04,1.0,300.0,1,1,1,1,1,1,1
25.67,12.5,6,8,1.21,7.5,258.0,1,1,1,1,1,1,1
24.75,12.5,9,8,1.5,7.5,567.0,1,0,1,1,1,1,1
44.17,6.665,12,8,6.3149999999999995,3.0,0.0,1,0,1,1,1,1,1
23.5,9.0,12,8,6.3149999999999995,5.0,0.0,1,0,1,1,1,1,1
34.92,5.0,4,7,6.3149999999999995,6.0,990.0,1,1,1,1,1,1,1
47.67,2.5,5,6,2.5,7.5,990.0,1,1,1,1,1,1,1
22.75,11.0,12,8,2.5,7.0,809.0,1,1,1,1,1,1,1
34.42,4.25,10,6,3.25,2.0,610.0,1,1,1,1,1,1,1
28.42,3.5,11,8,0.835,0.0,0.0,1,0,1,1,1,0,0
60.37,5.5,2,4,6.3149999999999995,1.0,0.0,1,1,1,1,1,1,1
20.42,1.835,13,8,2.25,1.0,150.0,1,1,1,1,1,1,1
47.42,8.0,2,6,6.3149999999999995,6.0,990.0,1,0,1,1,1,1,1
36.25,5.0,13,6,2.5,6.0,367.0,1,1,1,1,1,1,1
32.67,5.5,12,7,5.5,7.5,990.0,1,1,1,1,1,1,1
48.58,6.5,12,7,6.0,0.0,0.0,1,1,1,1,1,0,1
39.92,0.54,9,8,0.5,3.0,990.0,1,1,0,0,1,1,1
33.58,2.75,5,8,4.25,6.0,0.0,1,1,1,1,1,1,1
18.83,9.5,11,8,1.625,6.0,600.0,1,0,1,1,1,1,1
26.92,13.5,12,7,5.0,2.0,990.0,1,0,1,1,1,1,1
31.25,3.75,6,7,0.625,7.5,0.0,1,0,1,1,1,1,1
56.5,16.0,1,5,0.0,7.5,247.0,1,0,1,1,1,1,1
43.0,0.29,6,7,1.75,7.5,375.0,1,1,0,0,1,1,1
22.33,11.0,11,8,2.0,1.0,278.0,1,1,1,1,1,1,1
27.25,1.665,6,7,5.085,7.5,827.0,1,1,1,1,1,1,1
32.83,2.5,6,7,2.75,6.0,990.0,1,1,1,1,1,1,1
23.25,1.5,12,8,2.375,3.0,582.0,1,1,1,1,1,1,1
40.33,7.54,12,7,6.3149999999999995,7.5,990.0,1,0,0,0,1,1,1
30.5,6.5,13,6,4.0,7.0,990.0,1,0,1,1,1,1,1
52.83,15.0,13,8,5.5,7.5,990.0,1,0,1,1,1,1,1
46.67,0.46,6,7,0.415,7.5,6.0,1,0,1,1,1,1,1
58.33,10.0,12,8,4.0,7.5,990.0,1,0,1,1,1,1,1
37.33,6.5,5,7,4.25,7.5,0.0,1,1,1,1,1,1,1
23.08,2.5,13,8,1.085,7.5,990.0,1,1,1,1,1,1,1
32.75,1.5,6,7,5.5,3.0,0.0,1,1,1,1,1,1,1
21.67,11.5,1,3,0.0,7.5,0.0,1,0,0,0,1,1,1
28.5,3.04,4,7,2.54,1.0,0.0,1,0,0,0,1,1,1
60.37,15.0,2,4,0.0,7.5,990.0,1,0,1,1,1,1,1
28.0,2.0,7,7,4.165,2.0,0.0,1,1,1,1,1,1,1
34.08,0.08,5,6,0.04,1.0,990.0,1,1,0,0,1,1,1
27.67,2.0,4,7,1.0,4.0,990.0,1,1,1,1,1,1,1
44.0,2.0,5,8,1.75,2.0,15.0,1,1,1,1,1,1,1
25.08,1.71,4,8,1.665,1.0,20.0,1,1,1,1,1,1,1
32.0,1.75,2,7,0.04,0.0,0.0,1,1,0,0,1,0,1
60.37,16.5,12,8,6.3149999999999995,0.0,990.0,1,0,1,1,1,0,1
40.83,10.0,12,7,1.75,0.0,837.0,1,0,1,1,1,0,1
19.33,9.5,12,8,1.0,0.0,400.0,1,1,1,1,1,0,1
32.33,0.54,6,8,0.04,0.0,990.0,1,0,1,1,1,0,1
36.67,3.25,12,7,6.3149999999999995,0.0,639.0,1,1,1,1,1,0,1
37.5,1.125,3,8,1.5,0.0,0.0,1,1,0,0,0,0,1
25.08,2.54,9,8,0.25,0.0,0.0,1,0,0,0,1,0,1
41.33,0.0,13,6,6.3149999999999995,0.0,0.0,1,1,1,1,1,0,1
56.0,12.5,7,7,6.3149999999999995,0.0,990.0,1,1,1,1,1,0,1
49.83,13.585,7,7,6.3149999999999995,0.0,0.0,1,0,1,1,1,0,1
22.67,10.5,12,7,1.335,0.0,0.0,1,1,1,1,1,0,1
27.0,1.5,11,8,0.375,0.0,990.0,1,1,0,0,1,0,1
25.0,12.5,9,8,3.0,0.0,0.0,1,1,1,1,1,0,0
26.08,8.665,9,8,1.415,0.0,150.0,1,0,1,1,1,0,1
18.42,9.25,12,8,1.21,4.0,540.0,1,0,1,1,1,1,1
20.17,8.17,9,8,1.96,7.5,158.0,1,1,1,1,1,1,1
47.67,0.29,13,6,6.3149999999999995,7.5,990.0,1,1,1,1,1,1,1
21.25,2.335,10,6,0.5,4.0,0.0,1,0,1,1,1,1,0
20.67,3.0,12,8,0.165,3.0,6.0,1,0,1,1,1,1,1
57.08,16.625,13,8,5.5,7.0,990.0,1,0,1,1,1,1,1
22.42,5.665,12,8,2.585,7.0,990.0,1,0,1,1,1,1,1
48.75,8.5,13,7,6.3149999999999995,7.5,990.0,1,1,1,1,1,1,1
40.0,6.5,9,6,3.5,1.0,500.0,1,1,1,1,1,1,1
40.58,5.0,13,8,5.0,7.0,990.0,1,1,1,1,1,1,1
28.67,1.04,13,8,2.5,5.0,990.0,1,0,1,1,1,1,1
33.08,4.625,12,7,1.625,2.0,0.0,1,0,1,1,1,1,1
21.33,10.5,13,8,3.0,0.0,0.0,1,1,1,1,1,0,1
42.0,0.205,10,7,5.125,0.0,0.0,1,1,1,1,1,0,1
41.75,0.96,4,8,2.5,0.0,600.0,1,1,1,1,1,0,1
22.67,1.585,11,8,3.085,6.0,0.0,1,1,0,0,1,1,1
34.5,4.04,10,6,6.3149999999999995,7.0,0.0,1,1,0,0,1,1,1
28.25,5.04,13,6,1.5,7.5,7.0,1,1,0,0,1,1,1
33.17,3.165,4,8,3.165,3.0,0.0,1,1,0,0,1,1,1
48.17,7.625,11,7,6.3149999999999995,7.5,790.0,1,1,1,1,1,1,1
27.58,2.04,9,8,2.0,3.0,560.0,1,1,0,0,1,1,1
22.58,10.04,4,8,0.04,7.5,396.0,1,1,1,1,1,1,1
24.08,0.5,12,7,1.25,1.0,678.0,1,0,1,1,1,1,1
41.33,1.0,10,6,2.25,0.0,300.0,1,0,1,1,1,0,1
24.83,2.75,13,8,2.25,6.0,600.0,1,1,1,1,1,1,1
20.75,10.25,12,8,0.71,2.0,0.0,1,0,1,1,1,1,1
36.33,2.125,11,8,0.085,1.0,990.0,1,1,0,0,1,1,1
35.42,12.0,12,7,6.3149999999999995,7.5,990.0,1,0,1,1,1,1,1
60.37,0.0,13,8,0.0,0.0,0.0,1,0,1,1,0,0,1
28.67,9.335,12,7,5.665,6.0,168.0,1,1,1,1,1,1,1
35.17,2.5,7,8,4.5,7.0,990.0,1,1,1,1,1,1,1
39.5,4.25,13,6,6.3149999999999995,7.5,990.0,1,1,1,1,1,1,1
39.33,5.875,6,7,6.3149999999999995,7.5,0.0,1,1,1,1,1,1,1
24.33,6.625,3,8,5.5,0.0,0.0,1,1,0,0,1,0,0
60.08,14.5,8,5,6.3149999999999995,7.5,990.0,1,1,1,1,1,1,1
23.08,11.5,10,8,3.5,7.5,742.0,1,1,1,1,1,1,1
26.67,2.71,6,8,5.25,1.0,0.0,1,1,0,0,1,1,1
48.17,3.5,9,8,3.5,0.0,0.0,1,1,1,1,1,0,0
41.17,4.04,6,7,6.3149999999999995,7.5,0.0,1,1,1,1,1,1,1
55.92,11.5,8,5,5.0,5.0,990.0,1,1,1,1,1,1,1
53.92,9.625,2,8,6.3149999999999995,5.0,0.0,1,1,1,1,1,1,1
18.92,9.25,13,8,1.0,4.0,500.0,1,0,0,0,1,1,1
50.08,12.54,9,8,2.29,3.0,0.0,1,0,1,1,1,1,1
60.37,11.0,2,4,6.3149999999999995,7.0,0.0,1,1,1,1,1,1,1
17.58,9.0,9,8,1.375,0.0,0.0,1,0,1,1,1,0,1
18.83,9.54,9,8,0.085,0.0,0.0,1,0,1,1,1,0,1
37.75,5.5,12,8,0.125,0.0,0.0,1,0,1,1,1,0,1
23.25,4.0,13,6,0.25,0.0,0.0,1,1,1,1,1,0,1
18.08,5.5,7,8,0.5,0.0,0.0,1,1,1,1,1,0,1
22.5,8.46,4,8,2.46,0.0,0.0,1,0,0,0,0,0,1
19.67,0.375,12,8,2.0,2.0,0.0,1,1,1,1,1,1,1
22.08,11.0,6,8,0.665,0.0,0.0,1,1,1,1,1,0,1
25.17,3.5,6,8,0.625,7.0,990.0,1,1,1,1,1,1,1
47.42,3.0,4,8,6.3149999999999995,2.0,990.0,1,0,1,1,1,1,1
33.5,1.75,4,7,4.5,4.0,857.0,1,1,1,1,1,1,1
27.67,13.75,11,8,5.75,0.0,500.0,1,1,1,1,1,0,1
58.42,16.625,10,6,6.3149999999999995,7.5,990.0,1,0,1,1,1,1,1
20.67,1.835,12,8,2.085,5.0,990.0,1,0,1,1,1,1,1
26.17,0.25,10,6,0.0,0.0,0.0,1,1,1,1,1,0,1
21.33,7.5,9,8,1.415,1.0,990.0,1,1,1,1,1,1,1
42.83,4.625,12,8,4.58,0.0,0.0,1,1,1,1,1,0,0
38.17,10.125,4,8,2.5,6.0,196.0,1,1,1,1,1,1,1
20.5,10.0,13,8,2.5,0.0,0.0,1,1,0,0,1,0,0
48.25,16.625,11,8,1.75,3.0,14.0,1,1,1,1,1,1,1
28.33,5.0,11,8,6.3149999999999995,0.0,0.0,1,1,1,1,1,0,1
18.75,7.5,12,8,2.71,5.0,990.0,1,0,1,1,1,1,1
18.5,2.0,10,8,1.5,2.0,300.0,1,1,1,1,1,1,1
33.17,3.04,13,7,2.04,1.0,990.0,1,1,0,0,1,1,1
45.0,8.5,6,7,6.3149999999999995,1.0,990.0,1,1,1,1,1,1,1
19.67,0.21,12,7,0.29,7.5,99.0,1,0,1,1,1,1,1
24.5,12.75,13,6,4.75,2.0,444.0,1,1,1,1,1,1,1
21.83,11.0,4,8,0.29,6.0,0.0,1,1,1,1,1,1,1
40.25,16.625,2,4,6.3149999999999995,7.5,990.0,1,1,1,1,1,1,1
41.42,5.0,12,7,5.0,6.0,0.0,1,1,1,1,1,1,1
17.83,11.0,4,7,1.0,7.5,990.0,1,0,1,1,1,1,1
23.17,11.125,4,7,0.46,1.0,0.0,1,1,1,1,1,1,1
28.42,0.625,7,8,0.25,0.0,990.0,0,1,1,1,0,0,1
18.17,10.25,13,7,1.085,0.0,13.0,0,1,1,1,0,0,1
20.0,11.045,13,8,2.0,0.0,0.0,0,1,1,1,0,0,1
20.0,0.0,3,8,0.5,0.0,0.0,0,1,1,1,0,0,1
20.75,9.54,10,8,0.04,0.0,990.0,0,0,1,1,0,0,1
24.5,1.75,13,8,0.165,0.0,0.0,0,0,0,0,0,0,1
32.75,2.335,3,7,5.75,0.0,0.0,0,1,1,1,0,0,1
52.17,0.0,8,5,0.0,0.0,0.0,0,0,0,0,0,0,1
48.17,1.335,10,0,0.335,0.0,120.0,0,0,1,1,0,0,1
20.42,10.5,4,7,0.0,0.0,32.0,0,0,0,0,0,0,1
50.75,0.585,8,5,0.0,0.0,0.0,0,1,1,1,0,0,1
17.08,0.085,13,8,0.04,0.0,722.0,0,1,0,0,0,0,1
18.33,1.21,2,2,0.0,0.0,0.0,0,1,0,0,0,0,1
32.0,6.0,3,8,1.25,0.0,0.0,0,0,1,1,0,0,1
59.67,1.54,12,8,0.125,0.0,0.0,1,1,1,1,1,0,1
18.0,0.165,12,1,0.21,0.0,40.0,1,1,1,1,0,0,1
37.58,0.0,13,8,0.0,0.0,0.0,1,1,1,1,0,0,1
32.33,2.5,13,8,1.25,0.0,0.0,0,1,1,1,0,0,1
18.08,6.75,5,8,0.04,0.0,0.0,0,1,0,0,0,0,1
38.25,10.125,7,8,0.125,0.0,0.0,0,1,0,0,0,0,1
30.67,2.5,6,7,2.25,0.0,0.0,0,1,1,1,0,0,0
18.58,5.71,3,8,0.54,0.0,0.0,0,1,1,1,0,0,1
19.17,5.415,10,7,0.29,0.0,484.0,0,0,1,1,0,0,1
18.17,10.0,12,7,0.165,0.0,0.0,0,0,0,0,0,0,1
24.58,13.5,8,5,0.0,0.0,0.0,0,1,0,0,0,0,1
16.25,0.835,5,8,0.085,0.0,0.0,0,1,1,1,1,0,0
21.17,0.875,13,7,0.25,0.0,204.0,0,1,0,0,0,0,1
23.92,0.585,6,7,0.125,0.0,1.0,0,1,0,0,0,0,1
17.67,4.46,13,8,0.25,0.0,0.0,0,1,1,1,0,0,0
16.5,1.25,12,8,0.25,1.0,98.0,0,0,1,1,0,1,1
23.25,12.625,13,8,0.125,2.0,990.0,0,1,1,1,0,1,1
17.58,10.0,11,7,0.165,1.0,1.0,0,1,1,1,0,1,1
28.42,1.5,8,5,0.0,2.0,105.0,0,0,1,1,0,1,1
29.5,0.58,11,8,0.29,1.0,990.0,0,1,1,1,0,1,1
18.83,0.415,13,8,0.165,1.0,1.0,0,1,0,0,0,1,1
21.75,1.75,1,3,0.0,0.0,0.0,0,0,0,0,0,0,1
23.0,0.75,5,8,0.5,0.0,0.0,0,1,1,1,0,0,0
18.25,10.0,11,8,1.0,1.0,1.0,0,0,1,1,0,1,1
25.42,0.54,11,8,0.165,1.0,444.0,0,1,1,1,0,1,1
35.75,2.415,11,8,0.125,2.0,1.0,0,1,1,1,0,1,1
16.08,0.335,8,5,0.0,1.0,126.0,0,0,1,1,0,1,1
31.92,3.125,8,5,3.04,2.0,4.0,0,0,1,1,0,1,1
60.37,9.0,8,5,4.0,1.0,6.0,0,1,1,1,0,1,1
32.92,2.5,9,8,1.75,2.0,0.0,0,1,1,1,0,1,1
16.33,2.75,9,8,0.665,1.0,21.0,0,1,1,1,0,1,1
22.17,12.125,13,8,3.335,2.0,173.0,0,1,1,1,0,1,1
57.58,2.0,8,5,6.3149999999999995,1.0,10.0,0,0,1,1,0,1,1
18.25,0.165,3,8,0.25,0.0,0.0,0,1,1,1,0,0,0
23.42,1.0,13,8,0.5,0.0,0.0,0,1,1,1,0,0,0
15.92,2.875,12,8,0.085,0.0,0.0,0,0,1,1,0,0,1
24.75,13.665,12,7,1.5,0.0,1.0,0,0,1,1,0,0,1
48.75,16.625,8,5,0.0,0.0,0.0,0,1,0,0,1,0,1
23.5,2.75,8,5,4.5,0.0,25.0,0,1,1,1,0,0,1
18.58,10.29,8,5,0.415,0.0,0.0,0,1,1,1,0,0,1
27.75,1.29,7,7,0.25,0.0,0.0,0,1,1,1,0,0,0
31.75,3.0,1,3,0.0,0.0,20.0,0,0,0,0,0,0,1
24.83,4.5,11,8,1.0,0.0,6.0,0,0,1,1,0,0,1
19.0,1.75,13,8,2.335,0.0,6.0,0,1,0,0,0,0,1
16.33,0.21,9,8,0.125,0.0,1.0,0,0,1,1,0,0,1
18.58,10.0,3,8,0.415,0.0,42.0,0,0,1,1,0,0,1
16.25,0.0,9,8,0.25,0.0,0.0,0,1,0,0,0,0,1
23.0,0.75,5,8,0.5,0.0,0.0,0,1,1,1,1,0,0
21.17,0.25,13,7,0.25,0.0,204.0,0,1,0,0,0,0,1
17.5,16.625,8,0,0.0,0.0,990.0,1,1,1,1,0,0,1
19.17,0.0,5,6,0.0,0.0,1.0,1,1,0,0,0,0,0
36.75,0.125,13,8,1.5,0.0,113.0,1,1,0,0,0,0,1
21.25,1.5,11,8,1.5,0.0,8.0,1,1,1,1,0,0,1
18.08,0.375,6,5,6.3149999999999995,0.0,0.0,1,0,1,1,0,0,0
33.67,0.375,6,8,0.375,0.0,44.0,1,0,1,1,0,0,1
48.58,0.205,7,8,0.25,7.5,990.0,1,1,0,0,1,1,1
33.67,1.25,11,8,1.165,0.0,0.0,0,1,1,1,0,0,1
29.5,1.085,4,8,1.0,0.0,13.0,0,0,0,0,0,0,1
30.17,1.085,13,8,0.04,0.0,179.0,0,1,0,0,0,0,1
40.83,3.5,10,6,0.5,0.0,0.0,0,1,1,1,0,0,0
34.83,2.5,11,8,3.0,0.0,0.0,0,1,0,0,0,0,0
28.42,4.0,10,8,0.085,0.0,0.0,0,1,0,0,0,0,1
20.42,0.0,13,8,0.0,0.0,0.0,0,1,1,1,0,0,1
33.25,2.5,13,8,2.5,0.0,2.0,0,0,0,0,0,0,1
34.08,2.5,13,8,1.0,0.0,16.0,0,1,1,1,0,0,1
25.25,12.5,3,8,1.0,0.0,990.0,0,0,1,1,0,0,1
34.75,2.5,6,6,0.5,0.0,0.0,0,1,1,1,0,0,1
27.67,0.75,12,7,0.165,0.0,251.0,0,1,1,1,0,0,1
47.33,6.5,13,8,1.0,0.0,228.0,0,1,1,1,0,0,1
34.83,1.25,10,7,0.5,0.0,0.0,0,0,0,0,0,0,1
33.25,3.0,9,8,2.0,0.0,0.0,0,0,0,0,0,0,1
28.0,3.0,11,8,0.75,0.0,67.0,0,1,1,1,0,0,1
39.08,4.0,13,8,3.0,0.0,0.0,0,0,1,1,0,0,1
42.75,4.085,9,8,0.04,0.0,100.0,0,1,1,1,0,0,1
26.92,2.25,10,6,0.5,0.0,990.0,0,1,1,1,0,0,1
33.75,2.75,10,6,0.0,0.0,0.0,0,1,1,1,0,0,1
38.92,1.75,7,8,0.5,0.0,2.0,0,1,1,1,0,0,1
60.37,7.0,2,4,0.0,0.0,12.0,0,1,1,1,0,0,1
32.25,1.5,13,8,0.25,0.0,122.0,0,1,1,1,0,0,1
26.75,4.5,13,6,2.5,0.0,990.0,0,1,0,0,0,0,1
60.37,0.54,13,8,0.585,3.0,0.0,0,1,1,1,1,1,1
27.83,1.5,11,8,2.25,1.0,3.0,0,1,1,1,0,1,1
26.17,2.0,1,3,0.0,0.0,1.0,0,0,1,1,0,0,1
22.17,0.585,8,5,0.0,0.0,0.0,0,1,0,0,0,0,1
22.5,11.5,5,8,1.5,0.0,990.0,0,1,0,0,0,0,1
30.75,1.585,3,8,0.585,0.0,0.0,0,1,1,1,0,0,0
36.67,2.0,10,8,0.25,0.0,0.0,0,1,1,1,0,0,1
16.0,0.165,9,8,1.0,2.0,1.0,0,0,1,1,0,1,1
41.17,1.335,3,8,0.165,0.0,0.0,0,1,1,1,0,0,1
19.5,0.165,12,8,0.04,0.0,0.0,0,0,1,1,0,0,1
32.42,3.0,3,8,0.165,0.0,0.0,0,1,1,1,0,0,1
36.75,4.71,8,5,0.0,0.0,0.0,0,0,1,1,0,0,1
30.25,5.5,7,8,5.5,0.0,0.0,0,0,1,1,0,0,0
23.08,2.5,8,5,0.085,0.0,990.0,0,1,1,1,0,0,1
26.83,0.54,7,5,0.0,0.0,0.0,0,1,1,1,0,0,1
16.92,0.335,7,8,0.29,0.0,0.0,0,1,0,0,0,0,0
24.42,2.0,2,2,0.165,2.0,990.0,0,1,1,1,0,1,1
42.83,1.25,5,8,6.3149999999999995,1.0,112.0,0,1,1,1,0,1,1
22.75,6.165,9,8,0.165,0.0,990.0,0,0,1,1,0,0,1
39.42,1.71,5,8,0.165,0.0,0.0,0,1,0,0,0,0,0
23.58,11.5,7,7,3.0,0.0,16.0,0,0,0,0,0,0,1
21.42,0.75,0,1,0.75,0.0,2.0,0,1,0,0,0,0,1
33.0,2.5,11,8,6.3149999999999995,0.0,0.0,0,1,0,0,0,0,1
26.33,13.0,2,2,0.0,0.0,990.0,0,1,1,1,0,0,1
45.0,4.585,7,7,1.0,0.0,0.0,0,0,1,1,0,0,0
26.25,1.54,11,8,0.125,0.0,0.0,0,1,1,1,0,0,1
28.17,0.585,9,8,0.04,0.0,990.0,0,1,1,1,0,0,1
20.83,0.5,2,2,1.0,0.0,0.0,0,0,0,0,0,0,1
28.67,14.5,3,8,0.125,0.0,286.0,0,1,1,1,0,0,1
20.67,0.835,13,8,2.0,0.0,0.0,0,1,0,0,0,0,0
34.42,1.335,10,6,0.125,0.0,990.0,0,1,1,1,0,0,1
33.58,0.25,10,6,4.0,0.0,0.0,0,1,1,1,0,0,0
43.17,5.0,10,6,2.25,0.0,0.0,0,1,1,1,0,0,1
22.67,7.0,13,8,0.165,0.0,0.0,0,0,1,1,0,0,1
24.33,2.5,10,6,4.5,0.0,456.0,0,0,0,0,0,0,1
56.83,4.25,8,5,5.0,0.0,4.0,0,0,0,0,0,0,1
22.08,11.46,7,8,1.585,0.0,990.0,0,1,1,1,0,0,1
34.0,5.5,13,8,1.5,0.0,0.0,0,1,0,0,0,0,1
22.58,1.5,9,8,0.54,0.0,67.0,0,1,0,0,0,0,1
21.17,0.0,13,8,0.5,0.0,0.0,0,1,1,1,0,0,0
26.67,14.585,10,6,0.0,0.0,0.0,0,1,1,1,0,0,1
22.92,0.17,5,8,0.085,0.0,0.0,0,1,1,1,0,0,0
15.17,7.0,2,8,1.0,0.0,0.0,0,1,1,1,0,0,1
39.92,5.0,10,6,0.21,0.0,0.0,0,1,1,1,0,0,1
27.42,12.5,9,6,0.25,0.0,0.0,0,1,1,1,0,0,1
24.75,0.54,5,8,1.0,0.0,1.0,0,1,1,1,0,0,1
41.17,1.25,11,8,0.25,0.0,195.0,0,1,0,0,0,0,1
33.08,1.625,3,8,0.54,0.0,0.0,0,0,1,1,0,0,1
29.83,2.04,4,7,0.04,0.0,1.0,0,1,0,0,0,0,1
23.58,0.585,8,5,0.125,0.0,87.0,0,0,0,0,0,0,1
26.17,12.5,7,7,1.25,0.0,17.0,0,1,0,0,0,0,1
31.0,2.085,13,8,0.085,0.0,0.0,0,1,1,1,0,0,1
20.75,5.085,1,8,0.29,0.0,184.0,0,1,0,0,0,0,1
28.92,0.375,13,8,0.29,0.0,140.0,0,1,1,1,0,0,1
51.92,6.5,10,6,3.085,0.0,0.0,0,0,1,1,0,0,1
22.67,0.335,12,8,0.75,0.0,0.0,0,0,1,1,0,0,0
34.0,5.085,10,6,1.085,0.0,0.0,0,1,0,0,0,0,1
60.37,6.0,8,5,0.0,0.0,0.0,0,0,1,1,0,0,0
40.33,8.125,7,8,0.165,2.0,18.0,0,0,0,0,0,1,1
19.58,0.665,13,8,1.0,1.0,2.0,0,0,0,0,0,1,1
16.0,3.125,11,8,0.085,1.0,6.0,0,1,1,1,0,1,1
17.08,0.25,12,8,0.335,4.0,8.0,0,1,1,1,0,1,1
31.25,2.835,8,5,0.0,5.0,146.0,0,1,1,1,0,1,1
25.17,3.0,13,8,1.25,1.0,22.0,0,1,1,1,0,1,1
22.67,0.79,10,8,0.085,0.0,0.0,0,0,1,1,0,0,1
40.58,1.5,10,6,0.0,0.0,0.0,0,1,1,1,0,0,0
22.25,0.46,7,8,0.125,0.0,55.0,0,1,1,1,0,0,1
22.25,1.25,8,5,3.25,0.0,0.0,0,0,0,0,0,0,1
22.5,0.125,7,8,0.125,0.0,70.0,0,1,0,0,0,0,1
23.58,1.79,13,8,0.54,0.0,1.0,0,1,1,1,0,0,1
38.42,0.705,13,8,0.375,2.0,500.0,0,1,1,1,0,1,1
26.58,2.54,8,5,0.0,0.0,60.0,0,0,0,0,0,0,1
35.0,2.5,10,8,1.0,0.0,0.0,0,1,1,1,0,0,1
20.42,1.085,12,8,1.5,0.0,7.0,0,1,1,1,0,0,1
29.42,1.25,11,8,1.75,0.0,0.0,0,1,1,1,0,0,1
26.17,0.835,6,8,1.165,0.0,0.0,0,1,1,1,0,0,1
33.67,2.165,13,8,1.5,0.0,0.0,0,1,1,1,0,0,1
24.58,1.25,13,8,0.25,0.0,0.0,0,1,1,1,0,0,1
27.67,2.04,11,8,0.25,0.0,50.0,0,0,1,1,0,0,1
37.5,0.835,2,8,0.04,0.0,5.0,0,1,1,1,0,0,1
49.17,2.29,8,5,0.29,0.0,3.0,0,1,1,1,0,0,1
33.58,0.335,6,8,0.085,0.0,0.0,0,1,0,0,0,0,1
51.83,3.0,8,5,1.5,0.0,4.0,0,1,0,0,0,0,1
22.92,3.165,13,8,0.165,0.0,990.0,0,1,0,0,0,0,1
21.83,1.54,7,8,0.085,0.0,0.0,0,1,1,1,0,0,1
25.25,1.0,9,8,0.5,0.0,0.0,0,1,1,1,0,0,1
58.58,2.71,13,8,2.415,0.0,0.0,0,1,1,1,0,0,1
19.0,0.0,8,5,0.0,4.0,1.0,0,1,0,0,0,1,1
19.58,0.585,8,5,0.0,3.0,769.0,0,1,1,1,0,1,1
53.33,0.165,8,5,0.0,0.0,27.0,0,0,1,1,0,0,0
27.17,1.25,8,5,0.0,1.0,300.0,0,0,1,1,0,1,1
25.92,0.875,7,8,0.375,2.0,3.0,0,1,1,1,0,1,1
23.08,0.0,7,8,1.0,7.5,0.0,0,1,1,1,0,1,0
39.58,5.0,8,5,0.0,2.0,1.0,0,1,1,1,0,1,1
30.58,2.71,5,8,0.125,0.0,0.0,0,1,0,0,0,0,0
17.25,3.0,7,8,0.04,0.0,40.0,0,1,1,1,0,0,1
17.67,0.0,1,5,0.0,0.0,0.0,0,0,0,0,0,0,1
28.42,11.25,8,5,0.0,0.0,990.0,0,0,1,1,0,0,1
16.5,0.125,13,8,0.165,0.0,0.0,0,1,1,1,0,0,1
27.33,1.665,8,5,0.0,0.0,1.0,0,0,1,1,0,0,1
31.25,1.125,8,5,0.0,1.0,19.0,0,1,1,1,0,1,1
20.0,7.0,13,8,0.5,0.0,0.0,0,1,1,1,0,0,1
28.42,3.0,10,6,6.3149999999999995,0.0,1.0,0,1,0,0,0,0,1
39.5,1.625,13,8,1.5,0.0,316.0,0,1,1,1,0,0,1
36.5,4.25,12,8,3.5,0.0,50.0,0,1,1,1,0,0,1
29.75,0.665,11,8,0.25,0.0,0.0,0,1,1,1,0,0,1
52.42,1.5,3,8,3.75,0.0,350.0,0,1,1,1,0,0,1
36.17,16.625,11,8,0.085,0.0,990.0,0,1,1,1,0,0,1
34.58,0.0,13,8,0.0,0.0,0.0,0,1,1,1,0,0,1
29.67,0.75,13,8,0.04,0.0,0.0,0,1,0,0,0,0,1
36.17,5.5,10,6,5.0,0.0,687.0,0,1,1,1,0,0,1
25.67,0.29,13,8,1.5,0.0,0.0,0,1,0,0,0,0,1
24.5,2.415,13,8,0.0,0.0,0.0,0,0,0,0,0,0,1
24.08,0.875,5,8,0.085,4.0,990.0,0,1,1,1,0,1,1
21.92,0.5,13,8,0.125,0.0,0.0,0,1,1,1,0,0,1
36.58,0.29,8,5,0.0,7.5,18.0,0,0,1,1,0,1,1
23.0,1.835,1,3,0.0,1.0,53.0,0,0,1,1,0,1,1
27.58,3.0,5,8,2.79,1.0,10.0,0,0,1,1,0,1,1
31.08,3.085,13,8,2.5,2.0,41.0,0,1,1,1,0,1,1
30.42,1.375,11,7,0.04,3.0,33.0,0,0,1,1,0,1,1
22.08,2.335,7,8,0.75,0.0,0.0,0,1,1,1,0,0,1
16.33,4.085,10,7,0.415,0.0,0.0,0,1,1,1,0,0,1
21.92,11.665,7,7,0.085,0.0,5.0,0,0,1,1,0,0,1
21.08,4.125,10,7,0.04,0.0,100.0,0,1,0,0,0,0,1
17.42,6.5,10,8,0.125,0.0,100.0,0,1,1,1,0,0,1
19.17,4.0,10,8,1.0,0.0,990.0,0,1,0,0,0,0,1
20.67,0.415,13,8,0.125,0.0,44.0,0,1,1,1,0,0,1
26.75,2.0,3,8,0.75,0.0,0.0,0,1,1,1,0,0,1
23.58,0.835,10,7,0.085,0.0,5.0,0,1,1,1,0,0,1
39.17,2.5,10,7,6.3149999999999995,0.0,0.0,0,1,0,0,0,0,0
22.75,11.5,10,8,0.415,0.0,0.0,0,1,1,1,0,0,1
26.5,2.71,13,8,0.085,0.0,0.0,0,1,0,0,0,0,0
16.92,0.5,10,8,0.165,6.0,35.0,0,0,1,1,0,1,1
23.5,3.165,7,8,0.415,1.0,80.0,0,1,0,0,0,1,1
17.33,9.5,9,8,1.75,7.5,10.0,0,0,1,1,0,1,1
23.75,0.415,13,8,0.04,2.0,6.0,0,1,0,0,0,1,1
34.67,1.08,5,8,1.165,0.0,0.0,0,1,1,1,0,0,0
60.37,16.625,8,5,0.04,2.0,351.0,0,1,0,0,0,1,1
28.17,0.125,7,8,0.085,0.0,990.0,0,1,0,0,0,0,1
24.5,13.335,9,8,0.04,0.0,475.0,0,1,0,0,0,0,1
18.83,3.54,8,5,0.0,0.0,1.0,0,1,0,0,0,0,1
45.33,1.0,12,8,0.125,0.0,0.0,0,1,1,1,0,0,1
47.25,0.75,12,7,2.75,1.0,892.0,1,0,1,1,1,1,1
24.17,0.875,12,8,4.625,2.0,990.0,1,1,1,1,1,1,1
39.25,9.5,5,8,6.3149999999999995,7.5,990.0,1,1,1,1,1,1,1
20.5,11.835,13,7,6.0,0.0,0.0,1,0,1,1,1,0,1
18.83,4.415,13,7,3.0,0.0,0.0,1,0,0,0,1,0,1
19.17,9.5,11,8,1.5,0.0,990.0,1,1,1,1,1,0,1
25.0,0.875,4,7,1.04,0.0,990.0,1,0,1,1,1,0,1
20.17,9.25,13,8,1.665,3.0,28.0,1,1,1,1,1,1,1
25.75,0.5,13,8,1.46,5.0,0.0,1,1,1,1,1,1,1
20.42,7.0,13,8,1.625,3.0,990.0,1,1,1,1,1,1,1
28.42,4.0,4,8,5.0,3.0,990.0,1,1,1,1,1,1,1
39.0,5.0,6,8,3.5,7.5,0.0,1,1,1,1,1,1,1
60.37,0.165,8,5,0.0,1.0,100.0,1,0,1,1,1,1,1
28.25,5.125,4,8,4.75,2.0,7.0,1,1,1,1,1,1,1
28.75,3.75,13,8,1.085,1.0,0.0,1,0,1,1,1,1,1
31.33,16.625,13,8,6.3149999999999995,7.5,990.0,1,1,1,1,1,1,1
18.92,9.0,9,8,0.75,2.0,591.0,1,0,1,1,1,1,1
24.75,3.0,12,7,1.835,7.5,500.0,1,0,1,1,1,1,1
30.67,12.0,13,8,2.0,1.0,19.0,1,0,1,1,1,1,1
21.0,4.79,11,8,2.25,1.0,300.0,1,1,0,0,1,1,1
13.75,4.0,11,8,1.75,2.0,990.0,1,1,0,0,1,1,1
46.0,4.0,1,3,0.0,0.0,960.0,1,0,1,1,1,0,1
44.33,0.0,13,8,2.5,0.0,0.0,1,0,1,1,1,0,1
20.25,9.96,2,2,0.0,0.0,0.0,1,1,1,1,1,0,1
22.67,2.54,13,7,2.585,0.0,0.0,1,1,0,0,1,0,1
28.42,10.5,4,8,6.3149999999999995,0.0,0.0,1,1,1,1,1,0,1
60.37,5.0,9,8,4.0,4.0,99.0,1,0,1,1,1,1,1
16.08,0.75,13,8,1.75,5.0,690.0,1,1,1,1,1,1,1
28.17,0.375,12,8,0.585,4.0,0.0,1,0,1,1,1,1,1
39.17,1.71,4,8,0.125,5.0,0.0,1,1,1,1,1,1,1
20.42,7.5,7,8,1.5,1.0,234.0,1,1,1,1,1,1,1
30.0,5.29,2,2,2.25,5.0,500.0,1,0,1,1,1,1,1
22.83,3.0,5,8,1.29,1.0,800.0,1,1,1,1,1,1,1
22.5,8.5,12,8,1.75,7.5,990.0,0,0,1,1,1,1,1
28.58,1.665,12,8,2.415,0.0,0.0,0,0,1,1,1,0,1
45.17,1.5,13,8,2.5,0.0,0.0,0,1,1,1,1,0,1
41.58,1.75,7,8,0.21,0.0,0.0,0,1,1,1,1,0,1
57.08,0.335,10,6,1.0,0.0,990.0,0,0,1,1,1,0,1
55.75,7.08,7,7,6.3149999999999995,3.0,50.0,0,0,1,1,1,1,1
43.25,16.625,12,7,0.21,1.0,90.0,0,1,1,1,1,1,1
25.33,2.085,13,7,2.75,0.0,1.0,0,0,1,1,1,0,1
24.58,0.67,9,7,1.75,0.0,0.0,0,0,1,1,1,0,1
43.17,2.25,10,6,0.75,0.0,0.0,0,1,1,1,1,0,1
40.92,0.835,8,5,0.0,0.0,1.0,0,1,1,1,1,0,1
31.83,2.5,9,8,6.3149999999999995,0.0,0.0,0,1,1,1,1,0,1
33.92,1.585,8,5,0.0,0.0,0.0,0,0,0,0,1,0,1
24.92,1.25,8,5,0.0,0.0,0.0,0,0,1,1,1,0,1
35.25,3.165,4,7,3.75,0.0,0.0,0,1,1,1,1,0,1
34.25,1.75,11,6,0.25,0.0,0.0,0,1,1,1,1,0,1
60.37,5.5,13,8,0.54,0.0,340.0,0,1,1,1,1,0,1
19.42,1.5,6,8,2.0,0.0,20.0,0,1,0,0,1,0,1
42.75,3.0,10,6,1.0,0.0,200.0,0,1,1,1,1,0,1
19.67,10.0,7,7,0.835,0.0,0.0,0,1,0,0,1,0,1
36.33,3.79,11,8,1.165,0.0,0.0,0,1,1,1,1,0,1
30.08,1.04,10,6,0.5,7.5,28.0,0,1,0,0,1,1,1
44.25,11.0,3,8,1.5,0.0,0.0,0,1,0,0,1,0,0
23.58,0.46,11,8,2.625,6.0,347.0,0,1,0,0,1,1,1
23.92,1.5,3,7,1.875,6.0,327.0,1,1,1,1,1,1,1
33.17,1.0,4,8,0.75,7.0,990.0,1,1,1,1,1,1,1
48.33,12.0,5,8,6.3149999999999995,0.0,0.0,1,1,1,1,1,0,0
60.37,16.625,2,4,6.3149999999999995,1.0,109.0,1,1,1,1,1,1,1
51.33,10.0,10,6,0.0,7.5,990.0,1,1,1,1,1,1,1
34.75,15.0,0,1,5.375,7.5,134.0,1,1,1,1,1,1,1
38.58,3.335,11,8,4.0,7.5,990.0,1,1,1,1,1,1,1
22.42,11.25,4,7,0.75,4.0,321.0,1,0,0,0,1,1,1
41.92,0.42,13,7,0.21,6.0,948.0,1,1,1,1,1,1,1
29.58,4.5,11,8,6.3149999999999995,2.0,0.0,1,1,1,1,1,1,1
32.17,1.46,11,8,1.085,7.5,990.0,1,0,1,1,1,1,1
51.42,0.04,4,7,0.04,0.0,990.0,1,1,1,1,1,0,1
22.83,2.29,12,7,2.29,7.0,990.0,1,0,1,1,1,1,1
25.0,12.33,6,7,3.5,6.0,458.0,1,0,1,1,1,1,1
26.75,1.125,4,7,1.25,0.0,990.0,1,1,1,1,1,0,1
23.33,1.5,13,7,1.415,0.0,200.0,1,1,1,1,1,0,1
24.42,12.335,12,7,1.585,0.0,0.0,1,1,1,1,1,0,1
42.17,5.04,12,7,6.3149999999999995,0.0,0.0,1,1,1,1,1,0,1
20.83,3.0,9,8,0.04,0.0,0.0,1,0,1,1,1,0,1
23.08,11.5,11,7,2.125,7.5,284.0,1,1,1,1,1,1,1
25.17,2.875,4,7,0.875,0.0,0.0,1,0,1,1,1,0,1
43.08,0.375,13,8,0.375,7.5,162.0,1,1,0,0,1,1,1
35.75,0.915,9,8,0.75,4.0,990.0,1,0,1,1,1,1,1
59.5,2.75,11,8,1.75,5.0,58.0,1,1,1,1,1,1,1
21.0,3.0,3,8,1.085,7.5,1.0,1,1,0,0,1,1,1
21.92,0.54,4,8,0.04,1.0,59.0,1,1,0,0,1,1,1
60.37,14.0,8,5,0.0,7.5,990.0,1,0,1,1,1,1,1
20.33,10.0,13,7,1.0,4.0,990.0,1,0,1,1,1,1,1
32.25,0.165,13,7,3.25,1.0,990.0,1,1,0,0,1,1,1
30.17,0.5,13,8,1.75,7.5,540.0,1,1,1,1,1,1,1
25.17,6.0,13,8,1.0,3.0,0.0,1,1,1,1,1,1,1
39.17,1.625,13,8,1.5,7.5,990.0,1,1,1,1,1,1,1
39.08,6.0,5,8,1.29,5.0,990.0,1,1,1,1,1,1,1
31.67,0.83,4,8,1.335,7.5,990.0,1,1,1,1,1,1,1
41.0,0.04,2,8,0.04,1.0,0.0,1,1,1,1,0,1,0
48.5,4.25,5,8,0.125,0.0,0.0,1,1,1,1,1,0,1
32.67,9.0,11,7,5.25,0.0,0.0,1,1,0,0,1,0,1
28.08,15.0,2,4,0.0,0.0,990.0,1,0,0,0,1,0,1
60.37,16.625,8,5,0.0,0.0,0.0,1,1,1,1,1,0,1
60.37,16.625,4,7,6.3149999999999995,7.5,990.0,1,1,1,1,1,1,1
51.58,15.0,13,8,6.3149999999999995,7.5,0.0,1,1,1,1,1,1,1
26.67,1.75,13,8,1.0,5.0,990.0,1,1,0,0,1,1,1
25.33,0.58,13,8,0.29,7.0,990.0,1,1,1,1,1,1,1
30.17,6.5,6,8,3.125,7.5,990.0,1,1,1,1,1,1,1
27.0,0.75,13,7,4.25,3.0,150.0,1,1,1,1,1,1,1
23.17,0.0,13,8,0.0,0.0,0.0,1,1,1,1,0,0,1
34.17,5.25,11,8,0.085,0.0,6.0,1,1,1,1,0,0,1
38.67,0.21,7,8,0.085,0.0,0.0,1,1,1,1,1,0,1
25.75,0.75,13,6,0.25,0.0,23.0,1,1,1,1,1,0,1
46.08,3.0,13,8,2.375,7.5,990.0,1,0,1,1,1,1,1
21.5,6.0,9,8,2.5,3.0,918.0,1,0,1,1,1,1,1
20.08,0.125,12,8,1.0,1.0,768.0,1,1,1,1,0,1,1
20.5,2.415,13,8,2.0,7.5,990.0,1,1,1,1,1,1,1
29.5,0.46,7,8,0.54,4.0,500.0,1,0,1,1,1,1,1
42.25,1.75,13,8,0.0,0.0,1.0,0,1,0,0,0,0,1
29.83,1.25,7,8,0.25,0.0,0.0,0,1,0,0,0,0,1
20.08,0.25,12,8,0.125,0.0,0.0,0,1,1,1,0,0,1
23.42,0.585,13,7,0.085,0.0,0.0,0,1,1,1,1,0,1
29.58,1.75,7,8,1.25,0.0,0.0,0,0,0,0,0,0,1
16.17,0.04,13,8,0.04,0.0,0.0,1,1,1,1,0,0,1
32.33,3.5,7,8,0.5,0.0,0.0,0,1,1,1,0,0,1
28.42,0.04,3,8,4.25,0.0,0.0,0,1,0,0,0,0,1
47.83,4.165,4,6,0.085,0.0,0.0,0,1,1,1,0,0,1
20.0,1.25,7,8,0.125,0.0,4.0,0,1,0,0,0,0,1
27.58,3.25,12,7,5.085,2.0,1.0,0,1,0,0,0,1,1
22.0,0.79,11,8,0.29,1.0,283.0,0,1,1,1,0,1,1
19.33,10.915,13,6,0.585,2.0,7.0,0,1,1,1,0,1,1
38.33,4.415,13,8,0.125,0.0,0.0,0,0,1,1,0,0,1
29.42,1.25,13,7,0.25,2.0,108.0,0,1,1,1,0,1,1
22.67,0.75,10,8,1.585,1.0,9.0,0,1,1,1,0,1,1
32.25,14.0,8,5,0.0,2.0,1.0,0,1,0,0,0,1,1
29.58,4.75,5,8,2.0,1.0,68.0,0,1,1,1,0,1,1
18.42,10.415,9,8,0.125,0.0,375.0,0,1,0,0,1,0,1
22.17,2.25,10,8,0.125,0.0,10.0,0,1,1,1,0,0,1
22.67,0.165,13,3,2.25,0.0,0.0,1,1,1,1,0,0,0
25.58,0.0,13,8,0.0,0.0,0.0,1,0,1,1,0,0,1
18.83,0.0,12,8,0.665,0.0,1.0,0,1,1,1,0,0,1
21.58,0.79,6,8,0.665,0.0,0.0,0,1,0,0,0,0,1
23.75,12.0,13,8,2.085,0.0,0.0,0,1,1,1,0,0,0
22.0,7.835,10,6,0.165,0.0,0.0,0,1,0,0,0,0,1
36.08,2.54,8,5,0.0,0.0,990.0,0,1,1,1,0,0,1
29.25,13.0,3,7,0.5,0.0,0.0,0,1,1,1,0,0,1
19.58,0.665,11,8,1.665,0.0,5.0,0,0,1,1,0,0,1
22.92,1.25,12,8,0.25,0.0,809.0,0,0,1,1,0,0,1
27.25,0.29,5,7,0.125,1.0,108.0,0,0,1,1,0,1,1
38.75,1.5,8,5,0.0,0.0,0.0,0,0,1,1,0,0,1
32.42,2.165,7,5,0.0,0.0,0.0,0,1,0,0,0,0,1
23.75,0.71,11,8,0.25,1.0,4.0,0,0,1,1,0,1,1
18.17,2.46,13,1,0.96,2.0,587.0,0,1,1,1,0,1,1
40.92,0.5,5,8,0.5,0.0,0.0,0,1,0,0,0,0,1
19.5,9.585,9,8,0.79,0.0,350.0,0,1,1,1,0,0,1
28.58,3.625,9,8,0.25,0.0,0.0,0,1,1,1,0,0,1
35.58,0.75,7,8,1.5,0.0,0.0,0,1,1,1,0,0,1
34.17,2.75,10,6,2.5,0.0,200.0,0,1,1,1,0,0,1
33.17,2.25,6,8,3.5,0.0,141.0,0,1,0,0,0,0,1
31.58,0.75,9,8,3.5,0.0,0.0,0,1,0,0,0,0,1
52.5,7.0,9,7,3.0,0.0,0.0,0,0,1,1,0,0,1
36.17,0.42,11,8,0.29,0.0,2.0,0,1,0,0,0,0,1
37.33,2.665,6,8,0.165,0.0,501.0,0,1,1,1,0,0,1
20.83,8.5,13,8,0.165,0.0,351.0,0,0,1,1,0,0,1
24.08,9.0,9,8,0.25,0.0,0.0,0,1,1,1,0,0,1
25.58,0.335,7,7,3.5,0.0,0.0,0,1,1,1,0,0,1
35.17,3.75,8,5,0.0,6.0,200.0,0,0,1,1,0,1,1
48.08,3.75,10,6,1.0,0.0,2.0,0,1,1,1,0,0,1
15.83,7.625,12,8,0.125,1.0,160.0,0,0,1,1,0,1,1
22.5,0.415,10,8,0.335,0.0,0.0,0,0,1,1,0,0,0
21.5,11.5,10,8,0.5,0.0,68.0,0,1,1,1,1,0,1
23.58,0.83,12,8,0.415,1.0,11.0,0,0,1,1,0,1,1
21.08,5.0,8,5,0.0,0.0,0.0,0,0,0,0,0,0,1
25.67,3.25,13,7,2.29,1.0,21.0,0,1,1,1,0,1,1
38.92,1.665,9,8,0.25,0.0,390.0,0,0,1,1,0,0,1
15.75,0.375,13,8,1.0,0.0,18.0,0,0,1,1,0,0,1
28.58,3.75,13,8,0.25,1.0,154.0,0,0,1,1,0,1,1
22.25,9.0,9,8,0.085,0.0,0.0,0,1,1,1,0,0,1
29.83,3.5,13,8,0.165,0.0,0.0,0,1,1,1,0,0,1
23.5,1.5,11,8,0.875,0.0,0.0,0,0,1,1,0,0,1
32.08,4.0,6,8,1.5,0.0,0.0,0,1,0,0,0,0,1
31.08,1.5,11,8,0.04,0.0,0.0,0,1,0,0,0,0,0
31.83,0.04,5,8,0.04,0.0,0.0,0,1,0,0,0,0,1
21.75,11.75,13,8,0.25,0.0,0.0,0,0,1,1,0,0,1
17.92,0.54,13,8,1.75,1.0,5.0,0,0,1,1,0,1,1
30.33,0.5,3,7,0.085,0.0,0.0,0,1,1,1,0,0,0
51.83,2.04,8,5,1.5,0.0,1.0,0,1,0,0,0,0,1
47.17,5.835,11,8,5.5,0.0,150.0,0,1,1,1,0,0,1
25.83,12.835,6,8,0.5,0.0,2.0,0,1,1,1,0,0,1
50.25,0.835,9,8,0.5,0.0,117.0,0,0,1,1,0,0,1
29.5,2.0,2,7,2.0,0.0,17.0,0,1,0,0,0,0,1
37.33,2.5,10,7,0.21,0.0,246.0,0,0,1,1,0,0,1
41.58,1.04,9,8,0.665,0.0,237.0,0,0,1,1,0,0,1
30.58,10.665,12,7,0.085,7.5,3.0,0,0,1,1,0,1,1
19.42,7.25,5,8,0.04,1.0,1.0,0,1,1,1,0,1,1
17.92,10.21,8,5,0.0,0.0,50.0,0,0,1,1,0,0,1
20.08,1.25,13,8,0.0,0.0,0.0,0,0,1,1,0,0,1
19.5,0.29,7,8,0.29,0.0,364.0,0,1,1,1,0,0,1
27.83,1.0,3,7,3.0,0.0,537.0,0,1,0,0,0,0,1
17.08,3.29,10,8,0.335,0.0,2.0,0,1,1,1,0,0,1
36.42,0.75,3,8,0.585,0.0,3.0,0,1,0,0,0,0,1
40.58,3.29,5,8,3.5,0.0,0.0,0,1,1,1,0,0,0
21.08,10.085,2,7,1.25,0.0,0.0,0,1,0,0,0,0,1
22.67,0.75,13,8,2.0,2.0,394.0,0,0,1,1,0,1,1
25.25,13.5,8,5,2.0,1.0,1.0,0,0,0,0,0,1,1
17.92,0.205,9,8,0.04,0.0,750.0,0,1,1,1,0,0,1
35.0,3.375,13,7,6.3149999999999995,0.0,0.0,0,1,1,1,0,0,1
